{
  "confirmation_of_payee": [
    {
      "bsb": "083004",
      "accountNumber": "11112222",
      "accountName": "Henry Cooper"
    },
    {
      "bsb": "083004",
      "accountNumber": "22223333",
      "accountName": "Isabella King"
    },
    {
      "bsb": "083005",
      "accountNumber": "33334444",
      "accountName": "Leo Wright"
    },
    {
      "bsb": "083005",
      "accountNumber": "44445555",
      "accountName": "Grace Martin"
    },
    {
      "bsb": "083006",
      "accountNumber": "55556666",
      "accountName": "Alexander Lee"
    },
    {
      "bsb": "083006",
      "accountNumber": "66667777",
      "accountName": "Amelia Perez"
    },
    {
      "bsb": "083007",
      "accountNumber": "77778888",
      "accountName": "Charlie Anderson"
    },
    {
      "bsb": "083007",
      "accountNumber": "88889999",
      "accountName": "Evelyn Murphy"
    },
    {
      "bsb": "083008",
      "accountNumber": "99990000",
      "accountName": "William Thompson"
    },
    {
      "bsb": "083008",
      "accountNumber": "00001111",
      "accountName": "Emily Young"
    },
    {
      "bsb": "083009",
      "accountNumber": "11112223",
      "accountName": "Joshua White"
    },
    {
      "bsb": "083009",
      "accountNumber": "22223334",
      "accountName": "Zoe Harris"
    },
    {
      "bsb": "083010",
      "accountNumber": "33334445",
      "accountName": "Benjamin Ward"
    },
    {
      "bsb": "083010",
      "accountNumber": "44445556",
      "accountName": "Madison Scott"
    },
    {
      "bsb": "083011",
      "accountNumber": "55556667",
      "accountName": "Samuel Watson"
    },
    {
      "bsb": "083011",
      "accountNumber": "66667778",
      "accountName": "Charlotte Mitchell"
    },
    {
      "bsb": "083012",
      "accountNumber": "77778889",
      "accountName": "James Cox"
    },
    {
      "bsb": "083012",
      "accountNumber": "88889990",
      "accountName": "Sophia Reed"
    },
    {
      "bsb": "083013",
      "accountNumber": "99990001",
      "accountName": "Oliver Ward"
    },
    {
      "bsb": "083013",
      "accountNumber": "00001112",
      "accountName": "Hannah Bell"
    }
  ]
}