{
  "confirmation_of_payee": [
    {
      "bsb": "013000",
      "accountNumber": "56789012",
      "accountName": "Liam Clark"
    },
    {
      "bsb": "013000",
      "accountNumber": "67890123",
      "accountName": "Sophia Adams"
    },
    {
      "bsb": "013001",
      "accountNumber": "78901234",
      "accountName": "Ethan Carter"
    },
    {
      "bsb": "013001",
      "accountNumber": "89012345",
      "accountName": "Olivia King"
    },
    {
      "bsb": "013002",
      "accountNumber": "90123456",
      "accountName": "Lucas Lee"
    },
    {
      "bsb": "013002",
      "accountNumber": "12345678",
      "accountName": "Zara Hill"
    },
    {
      "bsb": "013003",
      "accountNumber": "23456789",
      "accountName": "Max Robinson"
    },
    {
      "bsb": "013003",
      "accountNumber": "34567890",
      "accountName": "Mia Thompson"
    },
    {
      "bsb": "013004",
      "accountNumber": "45678901",
      "accountName": "Samuel Green"
    },
    {
      "bsb": "013004",
      "accountNumber": "56789012",
      "accountName": "Ava Stewart"
    },
    {
      "bsb": "013005",
      "accountNumber": "67890123",
      "accountName": "Benjamin Turner"
    },
    {
      "bsb": "013005",
      "accountNumber": "78901234",
      "accountName": "Emma Hughes"
    },
    {
      "bsb": "013006",
      "accountNumber": "89012345",
      "accountName": "Alexander Young"
    },
    {
      "bsb": "013006",
      "accountNumber": "90123456",
      "accountName": "Charlotte Evans"
    },
    {
      "bsb": "013007",
      "accountNumber": "12345679",
      "accountName": "William Moore"
    },
    {
      "bsb": "013007",
      "accountNumber": "23456780",
      "accountName": "Ella Harris"
    },
    {
      "bsb": "013008",
      "accountNumber": "34567891",
      "accountName": "James Ward"
    },
    {
      "bsb": "013008",
      "accountNumber": "45678902",
      "accountName": "Sophia Hall"
    },
    {
      "bsb": "013009",
      "accountNumber": "56789013",
      "accountName": "Oliver Scott"
    },
    {
      "bsb": "013009",
      "accountNumber": "67890124",
      "accountName": "Lily Phillips"
    }
  ]
}